first_name,last_name,email,gender,age,car,job,favourite_film
Dora,Abbiss,dabbiss0@bloglines.com,Female,28,Renault,Account Representative I,Thriller
Rusty,Wingham,rwingham1@indiatimes.com,Male,76,Renault,Senior Editor,Drama
Laurence,Ceci,lceci2@twitpic.com,Male,58,Renault,Accountant III,Thriller
Ody,Kunzel,okunzel3@ustream.tv,Male,50,Ford,Tax Accountant,Thriller
Hammad,Bissatt,hbissatt4@loc.gov,Male,78,Renault,Clinical Specialist,Thriller
Matti,Machans,mmachans5@hao123.com,Female,39,Opel,VP Quality Control,Thriller
Ardelia,Pottes,apottes6@time.com,Female,75,Renault,Food Chemist,Drama
Clay,Gyngyll,cgyngyll7@home.pl,Male,75,Opel,Pharmacist,Thriller
Jobi,Hucks,jhucks8@dailymail.co.uk,Female,72,Renault,Account Coordinator,Thriller
Ned,McLuckie,nmcluckie9@upenn.edu,Male,23,Opel,Quality Engineer,Comedy
Lea,Endon,lendona@ft.com,Female,74,Mazda,Structural Analysis Engineer,Drama
Jacklin,Janiszewski,jjaniszewskib@chron.com,Female,79,Renault,GIS Technical Architect,Drama
Thacher,Glencrash,tglencrashc@amazon.co.uk,Male,55,Renault,Systems Administrator IV,Thriller
Anatollo,Innman,ainnmand@typepad.com,Male,26,Renault,Database Administrator II,Thriller
Silvanus,Berryman,sberrymane@toplist.cz,Male,34,Renault,Office Assistant II,Thriller
Sawyer,Keller,skellerf@drupal.org,Male,75,Renault,Tax Accountant,Thriller
Fredia,Aisthorpe,faisthorpeg@buzzfeed.com,Female,65,Opel,Human Resources Assistant III,Action
Delmar,Blackater,dblackaterh@ameblo.jp,Male,60,Ford,Technical Writer,Thriller
Alfons,Puckrin,apuckrini@sun.com,Male,73,Opel,Sales Representative,Comedy
Lenard,Howling,lhowlingj@facebook.com,Male,74,Renault,Mechanical Systems Engineer,Horror
